id,cellLine,passaged_from_id1,passage_id,passage,adjPass,date,num_date,correctedCount,label_value,sublabel_value,oxygen_pct,g,intercept,Ploidy,K
SUM-159_NLS_2N_C_A1_seed,SUM-159,SUM-159_NLS_2N_dp_seedT1,SUM-159_NLS_2N_C_A1_seed,6,1,11/15/24,0,614919,2N,control,20.5,0.846064497,614919,2,14000000
SUM-159_NLS_2N_C_A1_seedT1,SUM-159,SUM-159_NLS_2N_C_A1_seed,SUM-159_NLS_2N_C_A1_seed,6,1,11/18/24,3,7782898,2N,control,20.5,0.846064497,614919,2,14000000
SUM-159_NLS_2N_C_A10_seed,SUM-159,SUM-159_NLS_2N_C_A9_seedT1,SUM-159_NLS_2N_C_A10_seed,15,10,12/20/24,0,797221,2N,control,20.5,0.848424239,797221,2,14000000
SUM-159_NLS_2N_C_A10_seedT1,SUM-159,SUM-159_NLS_2N_C_A10_seed,SUM-159_NLS_2N_C_A10_seed,15,10,12/23/24,3,10161940,2N,control,20.5,0.848424239,797221,2,14000000
SUM-159_NLS_2N_C_A11_seed,SUM-159,SUM-159_NLS_2N_C_A10_seedT1,SUM-159_NLS_2N_C_A11_seed,16,11,12/25/24,0,372317,2N,control,20.5,1.189354391,372317,2,14000000
SUM-159_NLS_2N_C_A11_seedT1,SUM-159,SUM-159_NLS_2N_C_A11_seed,SUM-159_NLS_2N_C_A11_seed,16,11,12/27/24,2,4017658,2N,control,20.5,1.189354391,372317,2,14000000
SUM-159_NLS_2N_C_A12_seed,SUM-159,SUM-159_NLS_2N_C_A11_seedT1,SUM-159_NLS_2N_C_A12_seed,17,12,12/27/24,0,441031,2N,control,20.5,0.899202901,441031,2,14000000
SUM-159_NLS_2N_C_A12_seedT1,SUM-159,SUM-159_NLS_2N_C_A12_seed,SUM-159_NLS_2N_C_A12_seed,17,12,12/30/24,3,6546749,2N,control,20.5,0.899202901,441031,2,14000000
SUM-159_NLS_2N_C_A2_seed,SUM-159,SUM-159_NLS_2N_C_A1_seedT1,SUM-159_NLS_2N_C_A2_seed,7,2,11/20/24,0,401065,2N,control,20.5,1.151117232,401065,2,14000000
SUM-159_NLS_2N_C_A2_seedT1,SUM-159,SUM-159_NLS_2N_C_A2_seed,SUM-159_NLS_2N_C_A2_seed,7,2,11/22/24,2,4009244,2N,control,20.5,1.151117232,401065,2,14000000
SUM-159_NLS_2N_C_A3_seed,SUM-159,SUM-159_NLS_2N_C_A2_seedT1,SUM-159_NLS_2N_C_A3_seed,8,3,11/26/24,0,749542,2N,control,20.5,2.104157192,749542,2,14000000
SUM-159_NLS_2N_C_A3_seedT1,SUM-159,SUM-159_NLS_2N_C_A3_seed,SUM-159_NLS_2N_C_A3_seed,8,3,11/27/24,1,6146386,2N,control,20.5,2.104157192,749542,2,14000000
SUM-159_NLS_2N_C_A4_seed,SUM-159,SUM-159_NLS_2N_C_A3_seedT1,SUM-159_NLS_2N_C_A4_seed,9,4,11/29/24,0,398961,2N,control,20.5,0.897051359,398961,2,14000000
SUM-159_NLS_2N_C_A4_seedT1,SUM-159,SUM-159_NLS_2N_C_A4_seed,SUM-159_NLS_2N_C_A4_seed,9,4,12/2/24,3,5884151,2N,control,20.5,0.897051359,398961,2,14000000
SUM-159_NLS_2N_C_A5_seed,SUM-159,SUM-159_NLS_2N_C_A4_seedT1,SUM-159_NLS_2N_C_A5_seed,10,5,12/4/24,0,807037,2N,control,20.5,1.102506993,807037,2,14000000
SUM-159_NLS_2N_C_A5_seedT1,SUM-159,SUM-159_NLS_2N_C_A5_seed,SUM-159_NLS_2N_C_A5_seed,10,5,12/6/24,2,7320131,2N,control,20.5,1.102506993,807037,2,14000000
SUM-159_NLS_2N_C_A6_seed,SUM-159,SUM-159_NLS_2N_C_A5_seedT1,SUM-159_NLS_2N_C_A6_seed,11,6,12/6/24,0,352684,2N,control,20.5,0.848861532,352684,2,14000000
SUM-159_NLS_2N_C_A6_seedT1,SUM-159,SUM-159_NLS_2N_C_A6_seed,SUM-159_NLS_2N_C_A6_seed,11,6,12/9/24,3,4501460,2N,control,20.5,0.848861532,352684,2,14000000
SUM-159_NLS_2N_C_A7_seed,SUM-159,SUM-159_NLS_2N_C_A6_seedT1,SUM-159_NLS_2N_C_A7_seed,12,7,12/11/24,0,692047,2N,control,20.5,1.084396433,692047,2,14000000
SUM-159_NLS_2N_C_A7_seedT1,SUM-159,SUM-159_NLS_2N_C_A7_seed,SUM-159_NLS_2N_C_A7_seed,12,7,12/13/24,2,6053832,2N,control,20.5,1.084396433,692047,2,14000000
SUM-159_NLS_2N_C_A8_seed,SUM-159,SUM-159_NLS_2N_C_A7_seedT1,SUM-159_NLS_2N_C_A8_seed,13,8,12/13/24,0,1127468,2N,control,20.5,0.755024901,1127468,2,14000000
SUM-159_NLS_2N_C_A8_seedT1,SUM-159,SUM-159_NLS_2N_C_A8_seed,SUM-159_NLS_2N_C_A8_seed,13,8,12/16/24,3,10859596,2N,control,20.5,0.755024901,1127468,2,14000000
SUM-159_NLS_2N_C_A9_seed,SUM-159,SUM-159_NLS_2N_C_A8_seedT1,SUM-159_NLS_2N_C_A9_seed,14,9,12/18/24,0,839992,2N,control,20.5,1.065990484,839992,2,14000000
SUM-159_NLS_2N_C_A9_seedT1,SUM-159,SUM-159_NLS_2N_C_A9_seed,SUM-159_NLS_2N_C_A9_seed,14,9,12/20/24,2,7082437,2N,control,20.5,1.065990484,839992,2,14000000
SUM-159_NLS_2N_O1_A1_seedT1,SUM-159,SUM-159_NLS_2N_O1_A1_seed,SUM-159_NLS_2N_O1_A1_seed,9,1,11/18/24,3,6742373,2N,starvation,2,0.725954185,763799,2,14000000
SUM-159_NLS_2N_O1_A1_seed,SUM-159,SUM-159_NLS_2N_dp_seedT1,SUM-159_NLS_2N_O1_A1_seed,9,1,11/15/24,0,763799,2N,starvation,2,0.725954185,763799,2,14000000
SUM-159_NLS_2N_O1_A10_seed,SUM-159,SUM-159_NLS_2N_O1_A9_seedT3,SUM-159_NLS_2N_O1_A10_seed,18,10,5/23/25,0,745247,2N,starvation,0,0.501859818,837703.3014,2,14000000
SUM-159_NLS_2N_O1_A10_seedT1,SUM-159,SUM-159_NLS_2N_O1_A10_seed,SUM-159_NLS_2N_O1_A10_seed,18,10,5/26/25,3,5057432,2N,starvation,0,0.501859818,837703.3014,2,14000000
SUM-159_NLS_2N_O1_A10_seedT2,SUM-159,SUM-159_NLS_2N_O1_A10_seed,SUM-159_NLS_2N_O1_A10_seed,18,10,5/28/25,5,8643308,2N,starvation,0,0.501859818,837703.3014,2,14000000
SUM-159_NLS_2N_O1_A11_seed,SUM-159,SUM-159_NLS_2N_O1_A10_seedT2,SUM-159_NLS_2N_O1_A11_seed,19,11,5/30/25,0,491262,2N,starvation,0,0.502224726,531681.5885,2,14000000
SUM-159_NLS_2N_O1_A11_seedT1,SUM-159,SUM-159_NLS_2N_O1_A11_seed,SUM-159_NLS_2N_O1_A11_seed,19,11,6/2/25,3,2923062,2N,starvation,0,0.502224726,531681.5885,2,14000000
SUM-159_NLS_2N_O1_A11_seedT2,SUM-159,SUM-159_NLS_2N_O1_A11_seed,SUM-159_NLS_2N_O1_A11_seed,19,11,6/4/25,5,5817161,2N,starvation,0,0.502224726,531681.5885,2,14000000
SUM-159_NLS_2N_O1_A12_seed,SUM-159,SUM-159_NLS_2N_O1_A11_seedT2,SUM-159_NLS_2N_O1_A12_seed,20,12,6/6/25,0,414398,2N,starvation,0,0.432618048,471237.5003,2,14000000
SUM-159_NLS_2N_O1_A12_seedT1,SUM-159,SUM-159_NLS_2N_O1_A12_seed,SUM-159_NLS_2N_O1_A12_seed,20,12,6/9/25,3,2025201,2N,starvation,0,0.432618048,471237.5003,2,14000000
SUM-159_NLS_2N_O1_A12_seedT2,SUM-159,SUM-159_NLS_2N_O1_A12_seed,SUM-159_NLS_2N_O1_A12_seed,20,12,6/11/25,5,4665314,2N,starvation,0,0.432618048,471237.5003,2,14000000
SUM-159_NLS_2N_O1_A12_seedT3,SUM-159,SUM-159_NLS_2N_O1_A12_seed,SUM-159_NLS_2N_O1_A12_seed,20,12,6/13/25,7,8287951,2N,starvation,0,0.432618048,471237.5003,2,14000000
SUM-159_NLS_2N_O1_A13_seed,SUM-159,SUM-159_NLS_2N_O1_A12_seedT3,SUM-159_NLS_2N_O1_A13_seed,21,13,6/14/25,0,639420,2N,starvation,0,0.427341325,573738.4787,2,14000000
SUM-159_NLS_2N_O1_A13_seedT1,SUM-159,SUM-159_NLS_2N_O1_A13_seed,SUM-159_NLS_2N_O1_A13_seed,21,13,6/16/25,2,1146277,2N,starvation,0,0.427341325,573738.4787,2,14000000
SUM-159_NLS_2N_O1_A13_seedT3,SUM-159,SUM-159_NLS_2N_O1_A13_seed,SUM-159_NLS_2N_O1_A13_seed,21,13,6/20/25,6,7866870,2N,starvation,0,0.427341325,573738.4787,2,14000000
SUM-159_NLS_2N_O1_A14_seed,SUM-159,SUM-159_NLS_2N_O1_A13_seedT3,SUM-159_NLS_2N_O1_A14_seed,22,14,6/25/25,0,485692,2N,starvation,0,0.35920445,432597.6373,2,14000000
SUM-159_NLS_2N_O1_A14_seedT1,SUM-159,SUM-159_NLS_2N_O1_A14_seed,SUM-159_NLS_2N_O1_A14_seed,22,14,6/27/25,2,773839,2N,starvation,0,0.35920445,432597.6373,2,14000000
SUM-159_NLS_2N_O1_A14_seedT2,SUM-159,SUM-159_NLS_2N_O1_A14_seed,SUM-159_NLS_2N_O1_A14_seed,22,14,6/30/25,5,2447396,2N,starvation,0,0.35920445,432597.6373,2,14000000
SUM-159_NLS_2N_O1_A14_seedT3,SUM-159,SUM-159_NLS_2N_O1_A14_seed,SUM-159_NLS_2N_O1_A14_seed,22,14,7/2/25,7,5816047,2N,starvation,0,0.35920445,432597.6373,2,14000000
SUM-159_NLS_2N_O1_A15_seed,SUM-159,SUM-159_NLS_2N_O1_A14_seedT3,SUM-159_NLS_2N_O1_A15_seed,23,15,7/5/25,0,722968,2N,starvation,0,0.47893582,752205.147,2,14000000
SUM-159_NLS_2N_O1_A15_seedT1,SUM-159,SUM-159_NLS_2N_O1_A15_seed,SUM-159_NLS_2N_O1_A15_seed,23,15,7/7/25,2,2122116,2N,starvation,0,0.47893582,752205.147,2,14000000
SUM-159_NLS_2N_O1_A15_seedT2,SUM-159,SUM-159_NLS_2N_O1_A15_seed,SUM-159_NLS_2N_O1_A15_seed,23,15,7/9/25,4,4910388,2N,starvation,0,0.47893582,752205.147,2,14000000
SUM-159_NLS_2N_O1_A16_seed,SUM-159,SUM-159_NLS_2N_O1_A15_seedT2,SUM-159_NLS_2N_O1_A16_seed,24,16,7/26/25,0,451159,2N,starvation,0,0.313471184,660991.7732,2,14000000
SUM-159_NLS_2N_O1_A16_seedT1,SUM-159,SUM-159_NLS_2N_O1_A16_seed,SUM-159_NLS_2N_O1_A16_seed,24,16,7/28/25,2,1763418,2N,starvation,0,0.313471184,660991.7732,2,14000000
SUM-159_NLS_2N_O1_A16_seedT2,SUM-159,SUM-159_NLS_2N_O1_A16_seed,SUM-159_NLS_2N_O1_A16_seed,24,16,7/30/25,4,2259135,2N,starvation,0,0.313471184,660991.7732,2,14000000
SUM-159_NLS_2N_O1_A16_seedT3,SUM-159,SUM-159_NLS_2N_O1_A16_seed,SUM-159_NLS_2N_O1_A16_seed,24,16,8/1/25,6,6217077,2N,starvation,0,0.313471184,660991.7732,2,14000000
SUM-159_NLS_2N_O1_A16_seedT4,SUM-159,SUM-159_NLS_2N_O1_A16_seed,SUM-159_NLS_2N_O1_A16_seed,24,16,8/4/25,9,8159844,2N,starvation,0,0.313471184,660991.7732,2,14000000
SUM-159_NLS_2N_O1_A17_seed,SUM-159,SUM-159_NLS_2N_O1_A16_seedT4,SUM-159_NLS_2N_O1_A17_seed,25,17,8/6/25,0,394346,2N,starvation,0,0.437413364,380297.0825,2,14000000
SUM-159_NLS_2N_O1_A17_seedT1,SUM-159,SUM-159_NLS_2N_O1_A17_seed,SUM-159_NLS_2N_O1_A17_seed,25,17,8/8/25,2,831023,2N,starvation,0,0.437413364,380297.0825,2,14000000
SUM-159_NLS_2N_O1_A17_seedT2,SUM-159,SUM-159_NLS_2N_O1_A17_seed,SUM-159_NLS_2N_O1_A17_seed,25,17,8/11/25,5,3766339,2N,starvation,0,0.437413364,380297.0825,2,14000000
SUM-159_NLS_2N_O1_A17_seedT3,SUM-159,SUM-159_NLS_2N_O1_A17_seed,SUM-159_NLS_2N_O1_A17_seed,25,17,8/13/25,7,7737649,2N,starvation,0,0.437413364,380297.0825,2,14000000
SUM-159_NLS_2N_O1_A18_seed,SUM-159,SUM-159_NLS_2N_O1_A17_seedT3,SUM-159_NLS_2N_O1_A18_seed,26,18,8/15/25,0,578151,2N,starvation,0,0.571675739,571291.7068,2,14000000
SUM-159_NLS_2N_O1_A18_seedT1,SUM-159,SUM-159_NLS_2N_O1_A18_seed,SUM-159_NLS_2N_O1_A18_seed,26,18,8/18/25,3,3081246,2N,starvation,0,0.571675739,571291.7068,2,14000000
SUM-159_NLS_2N_O1_A18_seedT2,SUM-159,SUM-159_NLS_2N_O1_A18_seed,SUM-159_NLS_2N_O1_A18_seed,26,18,8/20/25,5,10139372,2N,starvation,0,0.571675739,571291.7068,2,14000000
SUM-159_NLS_2N_O1_A19_seed,SUM-159,SUM-159_NLS_2N_O1_A18_seedT2,SUM-159_NLS_2N_O1_A19_seed,27,19,8/22/25,0,1129568,2N,starvation,0,0.514139395,1265443.842,2,14000000
SUM-159_NLS_2N_O1_A19_seedT1,SUM-159,SUM-159_NLS_2N_O1_A19_seed,SUM-159_NLS_2N_O1_A19_seed,27,19,8/25/25,3,7860186,2N,starvation,0,0.514139395,1265443.842,2,14000000
SUM-159_NLS_2N_O1_A19_seedT2,SUM-159,SUM-159_NLS_2N_O1_A19_seed,SUM-159_NLS_2N_O1_A19_seed,27,19,8/27/25,5,13953612,2N,starvation,0,0.514139395,1265443.842,2,14000000
SUM-159_NLS_2N_O1_A2_seedT1,SUM-159,SUM-159_NLS_2N_O1_A2_seed,SUM-159_NLS_2N_O1_A2_seed,10,2,11/22/24,2,832980,2N,starvation,1,0.559363523,348668.4442,2,14000000
SUM-159_NLS_2N_O1_A2_seed,SUM-159,SUM-159_NLS_2N_O1_A1_seedT1,SUM-159_NLS_2N_O1_A2_seed,10,2,11/20/24,0,404570,2N,starvation,1,0.559363523,348668.4442,2,14000000
SUM-159_NLS_2N_O1_A2_seedT2,SUM-159,SUM-159_NLS_2N_O1_A2_seed,SUM-159_NLS_2N_O1_A2_seed,10,2,11/25/24,5,6311159,2N,starvation,1,0.559363523,348668.4442,2,14000000
SUM-159_NLS_2N_O1_A20_seed,SUM-159,SUM-159_NLS_2N_O1_A19_seedT2,SUM-159_NLS_2N_O1_A20_seed,28,20,8/29/25,0,588177,2N,starvation,0,0.426979996,502819.1886,2,14000000
SUM-159_NLS_2N_O1_A20_seedT1,SUM-159,SUM-159_NLS_2N_O1_A20_seed,SUM-159_NLS_2N_O1_A20_seed,28,20,9/1/25,3,1223141,2N,starvation,0,0.426979996,502819.1886,2,14000000
SUM-159_NLS_2N_O1_A20_seedT2,SUM-159,SUM-159_NLS_2N_O1_A20_seed,SUM-159_NLS_2N_O1_A20_seed,28,20,9/3/25,5,5379370,2N,starvation,0,0.426979996,502819.1886,2,14000000
SUM-159_NLS_2N_O1_A21_seed,SUM-159,SUM-159_NLS_2N_O1_A20_seedT2,SUM-159_NLS_2N_O1_A21_seed,29,21,9/5/25,0,585949,2N,starvation,0,0.47430589,534578.2583,2,14000000
SUM-159_NLS_2N_O1_A21_seedT1,SUM-159,SUM-159_NLS_2N_O1_A21_seed,SUM-159_NLS_2N_O1_A21_seed,29,21,9/8/25,3,1763418,2N,starvation,0,0.47430589,534578.2583,2,14000000
SUM-159_NLS_2N_O1_A21_seedT2,SUM-159,SUM-159_NLS_2N_O1_A21_seed,SUM-159_NLS_2N_O1_A21_seed,29,21,9/10/25,5,6572434,2N,starvation,0,0.47430589,534578.2583,2,14000000
SUM-159_NLS_2N_O1_A22_seed,SUM-159,SUM-159_NLS_2N_O1_A21_seedT2,SUM-159_NLS_2N_O1_A22_seed,30,22,9/19/25,0,502401,2N,starvation,0,0.706725132,502401,2,14000000
SUM-159_NLS_2N_O1_A22_seedT1,SUM-159,SUM-159_NLS_2N_O1_A22_seed,SUM-159_NLS_2N_O1_A22_seed,30,22,9/22/25,3,4186306,2N,starvation,0,0.706725132,502401,2,14000000
SUM-159_NLS_2N_O1_A3_seedT2,SUM-159,SUM-159_NLS_2N_O1_A3_seed,SUM-159_NLS_2N_O1_A3_seed,11,3,12/2/24,5,7094357,2N,starvation,0.5,0.564954728,474956.2803,2,14000000
SUM-159_NLS_2N_O1_A3_seedT1,SUM-159,SUM-159_NLS_2N_O1_A3_seed,SUM-159_NLS_2N_O1_A3_seed,11,3,11/29/24,2,1989196,2N,starvation,0.5,0.564954728,474956.2803,2,14000000
SUM-159_NLS_2N_O1_A3_seed,SUM-159,SUM-159_NLS_2N_O1_A2_seedT2,SUM-159_NLS_2N_O1_A3_seed,11,3,11/27/24,0,396157,2N,starvation,0.5,0.564954728,474956.2803,2,14000000
SUM-159_NLS_2N_O1_A4_seedT1,SUM-159,SUM-159_NLS_2N_O1_A4_seed,SUM-159_NLS_2N_O1_A4_seed,12,4,12/6/24,2,2552931,2N,starvation,0.3,0.496979907,671364.4803,2,14000000
SUM-159_NLS_2N_O1_A4_seedT2,SUM-159,SUM-159_NLS_2N_O1_A4_seed,SUM-159_NLS_2N_O1_A4_seed,12,4,12/9/24,5,7027045,2N,starvation,0.3,0.496979907,671364.4803,2,14000000
SUM-159_NLS_2N_O1_A4_seed,SUM-159,SUM-159_NLS_2N_O1_A3_seedT2,SUM-159_NLS_2N_O1_A4_seed,12,4,12/4/24,0,546906,2N,starvation,0.3,0.496979907,671364.4803,2,14000000
SUM-159_NLS_2N_O1_A5_seedT2,SUM-159,SUM-159_NLS_2N_O1_A5_seed,SUM-159_NLS_2N_O1_A5_seed,13,5,12/16/24,5,11809671,2N,starvation,0.2,0.541080883,914507.3326,2,14000000
SUM-159_NLS_2N_O1_A5_seedT1,SUM-159,SUM-159_NLS_2N_O1_A5_seed,SUM-159_NLS_2N_O1_A5_seed,13,5,12/13/24,2,3898460,2N,starvation,0.2,0.541080883,914507.3326,2,14000000
SUM-159_NLS_2N_O1_A5_seed,SUM-159,SUM-159_NLS_2N_O1_A4_seedT2,SUM-159_NLS_2N_O1_A5_seed,13,5,12/11/24,0,733415,2N,starvation,0.2,0.541080883,914507.3326,2,14000000
SUM-159_NLS_2N_O1_A6_seedT1,SUM-159,SUM-159_NLS_2N_O1_A6_seed,SUM-159_NLS_2N_O1_A6_seed,14,6,12/20/24,2,2397273,2N,starvation,0.1,0.550021802,581539.8299,2,14000000
SUM-159_NLS_2N_O1_A6_seedT2,SUM-159,SUM-159_NLS_2N_O1_A6_seed,SUM-159_NLS_2N_O1_A6_seed,14,6,12/23/24,5,8016385,2N,starvation,0.1,0.550021802,581539.8299,2,14000000
SUM-159_NLS_2N_O1_A6_seed,SUM-159,SUM-159_NLS_2N_O1_A5_seedT2,SUM-159_NLS_2N_O1_A6_seed,14,6,12/18/24,0,480997,2N,starvation,0.1,0.550021802,581539.8299,2,14000000
SUM-159_NLS_2N_O1_A7_seed,SUM-159,SUM-159_NLS_2N_O1_A6_seedT2,SUM-159_NLS_2N_O1_A7_seed,15,7,12/25/24,0,365305,2N,starvation,0,0.563777709,516897.8991,2,14000000
SUM-159_NLS_2N_O1_A7_seedT1,SUM-159,SUM-159_NLS_2N_O1_A7_seed,SUM-159_NLS_2N_O1_A7_seed,15,7,12/27/24,2,2846718,2N,starvation,0,0.563777709,516897.8991,2,14000000
SUM-159_NLS_2N_O1_A7_seedT2,SUM-159,SUM-159_NLS_2N_O1_A7_seed,SUM-159_NLS_2N_O1_A7_seed,15,7,12/30/24,5,6872790,2N,starvation,0,0.563777709,516897.8991,2,14000000
SUM-159_NLS_2N_O1_A8_seed,SUM-159,SUM-159_NLS_2N_O1_A7_seedT2,SUM-159_NLS_2N_O1_A8_seed,16,8,5/8/25,0,273453,2N,starvation,0,0.664335909,313259.097,2,14000000
SUM-159_NLS_2N_O1_A8_seedT1,SUM-159,SUM-159_NLS_2N_O1_A8_seed,SUM-159_NLS_2N_O1_A8_seed,16,8,5/9/25,1,729652,2N,starvation,0,0.664335909,313259.097,2,14000000
SUM-159_NLS_2N_O1_A8_seedT2,SUM-159,SUM-159_NLS_2N_O1_A8_seed,SUM-159_NLS_2N_O1_A8_seed,16,8,5/12/25,4,4268740,2N,starvation,0,0.664335909,313259.097,2,14000000
SUM-159_NLS_2N_O1_A9_seed,SUM-159,SUM-159_NLS_2N_O1_A8_seedT2,SUM-159_NLS_2N_O1_A9_seed,17,9,5/14/25,0,433335,2N,starvation,0,0.435214147,459974.998,2,14000000
SUM-159_NLS_2N_O1_A9_seedT1,SUM-159,SUM-159_NLS_2N_O1_A9_seed,SUM-159_NLS_2N_O1_A9_seed,17,9,5/16/25,2,1072755,2N,starvation,0,0.435214147,459974.998,2,14000000
SUM-159_NLS_2N_O1_A9_seedT2,SUM-159,SUM-159_NLS_2N_O1_A9_seed,SUM-159_NLS_2N_O1_A9_seed,17,9,5/19/25,5,5298050,2N,starvation,0,0.435214147,459974.998,2,14000000
SUM-159_NLS_2N_O1_A9_seedT3,SUM-159,SUM-159_NLS_2N_O1_A9_seed,SUM-159_NLS_2N_O1_A9_seed,17,9,5/21/25,7,8047333,2N,starvation,0,0.435214147,459974.998,2,14000000
SUM-159_NLS_2N_O2_A1_seedT1,SUM-159,SUM-159_NLS_2N_O2_A1_seed,SUM-159_NLS_2N_O2_A1_seed,6,1,11/18/24,3,6323079,2N,starvation,2,0.795988317,580562,2,14000000
SUM-159_NLS_2N_O2_A1_seed,SUM-159,SUM-159_NLS_2N_dp_seedT1,SUM-159_NLS_2N_O2_A1_seed,6,1,11/15/24,0,580562,2N,starvation,2,0.795988317,580562,2,14000000
SUM-159_NLS_2N_O2_A10_seed,SUM-159,SUM-159_NLS_2N_O2_A9_seedT3,SUM-159_NLS_2N_O2_A10_seed,15,10,5/23/25,0,675067,2N,starvation,0,0.459209607,708921.9013,2,14000000
SUM-159_NLS_2N_O2_A10_seedT1,SUM-159,SUM-159_NLS_2N_O2_A10_seed,SUM-159_NLS_2N_O2_A10_seed,15,10,5/26/25,3,3177048,2N,starvation,0,0.459209607,708921.9013,2,14000000
SUM-159_NLS_2N_O2_A10_seedT2,SUM-159,SUM-159_NLS_2N_O2_A10_seed,SUM-159_NLS_2N_O2_A10_seed,15,10,5/28/25,5,6544585,2N,starvation,0,0.459209607,708921.9013,2,14000000
SUM-159_NLS_2N_O2_A11_seed,SUM-159,SUM-159_NLS_2N_O2_A10_seedT2,SUM-159_NLS_2N_O2_A11_seed,16,11,5/30/25,0,520225,2N,starvation,0,0.477939109,518402.3532,2,14000000
SUM-159_NLS_2N_O2_A11_seedT1,SUM-159,SUM-159_NLS_2N_O2_A11_seed,SUM-159_NLS_2N_O2_A11_seed,16,11,6/2/25,3,2155536,2N,starvation,0,0.477939109,518402.3532,2,14000000
SUM-159_NLS_2N_O2_A11_seedT2,SUM-159,SUM-159_NLS_2N_O2_A11_seed,SUM-159_NLS_2N_O2_A11_seed,16,11,6/4/25,5,5685713,2N,starvation,0,0.477939109,518402.3532,2,14000000
SUM-159_NLS_2N_O2_A12_seed,SUM-159,SUM-159_NLS_2N_O2_A11_seedT2,SUM-159_NLS_2N_O2_A12_seed,17,12,6/6/25,0,364269,2N,starvation,0,0.437439056,363340.2033,2,14000000
SUM-159_NLS_2N_O2_A12_seedT1,SUM-159,SUM-159_NLS_2N_O2_A12_seed,SUM-159_NLS_2N_O2_A12_seed,17,12,6/9/25,3,1252104,2N,starvation,0,0.437439056,363340.2033,2,14000000
SUM-159_NLS_2N_O2_A12_seedT2,SUM-159,SUM-159_NLS_2N_O2_A12_seed,SUM-159_NLS_2N_O2_A12_seed,17,12,6/11/25,5,3728464,2N,starvation,0,0.437439056,363340.2033,2,14000000
SUM-159_NLS_2N_O2_A12_seedT3,SUM-159,SUM-159_NLS_2N_O2_A12_seed,SUM-159_NLS_2N_O2_A12_seed,17,12,6/13/25,7,7249729,2N,starvation,0,0.437439056,363340.2033,2,14000000
SUM-159_NLS_2N_O2_A13_seed,SUM-159,SUM-159_NLS_2N_O2_A12_seedT3,SUM-159_NLS_2N_O2_A13_seed,18,13,6/14/25,0,563670,2N,starvation,0,0.455260826,537349.1465,2,14000000
SUM-159_NLS_2N_O2_A13_seedT1,SUM-159,SUM-159_NLS_2N_O2_A13_seed,SUM-159_NLS_2N_O2_A13_seed,18,13,6/16/25,2,1243193,2N,starvation,0,0.455260826,537349.1465,2,14000000
SUM-159_NLS_2N_O2_A13_seedT3,SUM-159,SUM-159_NLS_2N_O2_A13_seed,SUM-159_NLS_2N_O2_A13_seed,18,13,6/20/25,6,8451705,2N,starvation,0,0.455260826,537349.1465,2,14000000
SUM-159_NLS_2N_O2_A14_seed,SUM-159,SUM-159_NLS_2N_O2_A13_seedT3,SUM-159_NLS_2N_O2_A14_seed,19,14,6/25/25,0,455615,2N,starvation,0,0.39834555,428209.1185,2,14000000
SUM-159_NLS_2N_O2_A14_seedT1,SUM-159,SUM-159_NLS_2N_O2_A14_seed,SUM-159_NLS_2N_O2_A14_seed,19,14,6/27/25,2,796490,2N,starvation,0,0.39834555,428209.1185,2,14000000
SUM-159_NLS_2N_O2_A14_seedT2,SUM-159,SUM-159_NLS_2N_O2_A14_seed,SUM-159_NLS_2N_O2_A14_seed,19,14,6/30/25,5,3922295,2N,starvation,0,0.39834555,428209.1185,2,14000000
SUM-159_NLS_2N_O2_A14_seedT3,SUM-159,SUM-159_NLS_2N_O2_A14_seed,SUM-159_NLS_2N_O2_A14_seed,19,14,7/2/25,7,6241585,2N,starvation,0,0.39834555,428209.1185,2,14000000
SUM-159_NLS_2N_O2_A15_seed,SUM-159,SUM-159_NLS_2N_O2_A14_seedT3,SUM-159_NLS_2N_O2_A15_seed,20,15,7/5/25,0,915685,2N,starvation,0,0.478442191,959463.1559,2,14000000
SUM-159_NLS_2N_O2_A15_seedT1,SUM-159,SUM-159_NLS_2N_O2_A15_seed,SUM-159_NLS_2N_O2_A15_seed,20,15,7/7/25,2,2742599,2N,starvation,0,0.478442191,959463.1559,2,14000000
SUM-159_NLS_2N_O2_A15_seedT2,SUM-159,SUM-159_NLS_2N_O2_A15_seed,SUM-159_NLS_2N_O2_A15_seed,20,15,7/9/25,4,6207051,2N,starvation,0,0.478442191,959463.1559,2,14000000
SUM-159_NLS_2N_O2_A16_seed,SUM-159,SUM-159_NLS_2N_O2_A15_seedT2,SUM-159_NLS_2N_O2_A16_seed,21,16,7/26/25,0,467868,2N,starvation,0,0.265837403,726065.9001,2,14000000
SUM-159_NLS_2N_O2_A16_seedT1,SUM-159,SUM-159_NLS_2N_O2_A16_seed,SUM-159_NLS_2N_O2_A16_seed,21,16,7/28/25,2,1684326,2N,starvation,0,0.265837403,726065.9001,2,14000000
SUM-159_NLS_2N_O2_A16_seedT2,SUM-159,SUM-159_NLS_2N_O2_A16_seed,SUM-159_NLS_2N_O2_A16_seed,21,16,7/30/25,4,2368304,2N,starvation,0,0.265837403,726065.9001,2,14000000
SUM-159_NLS_2N_O2_A16_seedT3,SUM-159,SUM-159_NLS_2N_O2_A16_seed,SUM-159_NLS_2N_O2_A16_seed,21,16,8/1/25,6,5323672,2N,starvation,0,0.265837403,726065.9001,2,14000000
SUM-159_NLS_2N_O2_A16_seedT4,SUM-159,SUM-159_NLS_2N_O2_A16_seed,SUM-159_NLS_2N_O2_A16_seed,21,16,8/4/25,9,5397194,2N,starvation,0,0.265837403,726065.9001,2,14000000
SUM-159_NLS_2N_O2_A17_seed,SUM-159,SUM-159_NLS_2N_O2_A16_seedT4,SUM-159_NLS_2N_O2_A17_seed,22,17,8/6/25,0,363155,2N,starvation,0,0.438440023,385889.4379,2,14000000
SUM-159_NLS_2N_O2_A17_seedT1,SUM-159,SUM-159_NLS_2N_O2_A17_seed,SUM-159_NLS_2N_O2_A17_seed,22,17,8/8/25,2,926825,2N,starvation,0,0.438440023,385889.4379,2,14000000
SUM-159_NLS_2N_O2_A17_seedT2,SUM-159,SUM-159_NLS_2N_O2_A17_seed,SUM-159_NLS_2N_O2_A17_seed,22,17,8/11/25,5,4280994,2N,starvation,0,0.438440023,385889.4379,2,14000000
SUM-159_NLS_2N_O2_A17_seedT3,SUM-159,SUM-159_NLS_2N_O2_A17_seed,SUM-159_NLS_2N_O2_A17_seed,22,17,8/13/25,7,7128306,2N,starvation,0,0.438440023,385889.4379,2,14000000
SUM-159_NLS_2N_O2_A18_seed,SUM-159,SUM-159_NLS_2N_O2_A17_seedT3,SUM-159_NLS_2N_O2_A18_seed,23,18,8/15/25,0,642762,2N,starvation,0,0.547427137,647321.1541,2,14000000
SUM-159_NLS_2N_O2_A18_seedT1,SUM-159,SUM-159_NLS_2N_O2_A18_seed,SUM-159_NLS_2N_O2_A18_seed,23,18,8/18/25,3,3404298,2N,starvation,0,0.547427137,647321.1541,2,14000000
SUM-159_NLS_2N_O2_A18_seedT2,SUM-159,SUM-159_NLS_2N_O2_A18_seed,SUM-159_NLS_2N_O2_A18_seed,23,18,8/20/25,5,9890957,2N,starvation,0,0.547427137,647321.1541,2,14000000
SUM-159_NLS_2N_O2_A19_seed,SUM-159,SUM-159_NLS_2N_O2_A18_seedT2,SUM-159_NLS_2N_O2_A19_seed,24,19,8/22/25,0,1088351,2N,starvation,0,0.470226829,1236250.951,2,14000000
SUM-159_NLS_2N_O2_A19_seedT1,SUM-159,SUM-159_NLS_2N_O2_A19_seed,SUM-159_NLS_2N_O2_A19_seed,24,19,8/25/25,3,6967894,2N,starvation,0,0.470226829,1236250.951,2,14000000
SUM-159_NLS_2N_O2_A19_seedT2,SUM-159,SUM-159_NLS_2N_O2_A19_seed,SUM-159_NLS_2N_O2_A19_seed,24,19,8/27/25,5,10719752,2N,starvation,0,0.470226829,1236250.951,2,14000000
SUM-159_NLS_2N_O2_A2_seedT1,SUM-159,SUM-159_NLS_2N_O2_A2_seed,SUM-159_NLS_2N_O2_A2_seed,7,2,11/22/24,2,653483,2N,starvation,1,0.582583674,294207.2999,2,14000000
SUM-159_NLS_2N_O2_A2_seedT2,SUM-159,SUM-159_NLS_2N_O2_A2_seed,SUM-159_NLS_2N_O2_A2_seed,7,2,11/25/24,5,6273296,2N,starvation,1,0.582583674,294207.2999,2,14000000
SUM-159_NLS_2N_O2_A2_seed,SUM-159,SUM-159_NLS_2N_O2_A1_seedT1,SUM-159_NLS_2N_O2_A2_seed,7,2,11/20/24,0,366708,2N,starvation,1,0.582583674,294207.2999,2,14000000
SUM-159_NLS_2N_O2_A20_seed,SUM-159,SUM-159_NLS_2N_O2_A19_seedT2,SUM-159_NLS_2N_O2_A20_seed,25,20,8/29/25,0,568126,2N,starvation,0,0.410942181,483642.4573,2,14000000
SUM-159_NLS_2N_O2_A20_seedT2,SUM-159,SUM-159_NLS_2N_O2_A20_seed,SUM-159_NLS_2N_O2_A20_seed,25,20,9/3/25,5,4805675,2N,starvation,0,0.410942181,483642.4573,2,14000000
SUM-159_NLS_2N_O2_A20_seedT1,SUM-159,SUM-159_NLS_2N_O2_A20_seed,SUM-159_NLS_2N_O2_A20_seed,25,20,9/1/25,3,1109516,2N,starvation,0,0.410942181,483642.4573,2,14000000
SUM-159_NLS_2N_O2_A21_seedT1,SUM-159,SUM-159_NLS_2N_O2_A21_seed,SUM-159_NLS_2N_O2_A21_seed,26,21,9/8/25,3,1388009,2N,starvation,0,0.445568191,472873.4339,2,14000000
SUM-159_NLS_2N_O2_A21_seedT2,SUM-159,SUM-159_NLS_2N_O2_A21_seed,SUM-159_NLS_2N_O2_A21_seed,26,21,9/10/25,5,5128727,2N,starvation,0,0.445568191,472873.4339,2,14000000
SUM-159_NLS_2N_O2_A21_seed,SUM-159,SUM-159_NLS_2N_O2_A20_seedT2,SUM-159_NLS_2N_O2_A21_seed,26,21,9/5/25,0,524681,2N,starvation,0,0.445568191,472873.4339,2,14000000
SUM-159_NLS_2N_O2_A22_seed,SUM-159,SUM-159_NLS_2N_O2_A21_seedT2,SUM-159_NLS_2N_O2_A22_seed,27,22,9/19/25,0,567012,2N,starvation,0,0.614274361,567012,2,14000000
SUM-159_NLS_2N_O2_A22_seedT1,SUM-159,SUM-159_NLS_2N_O2_A22_seed,SUM-159_NLS_2N_O2_A22_seed,27,22,9/22/25,3,3580306,2N,starvation,0,0.614274361,567012,2,14000000
SUM-159_NLS_2N_O2_A3_seedT2,SUM-159,SUM-159_NLS_2N_O2_A3_seed,SUM-159_NLS_2N_O2_A3_seed,8,3,12/2/24,5,7647573,2N,starvation,0.5,0.576460809,485069.6623,2,14000000
SUM-159_NLS_2N_O2_A3_seed,SUM-159,SUM-159_NLS_2N_O2_A2_seedT2,SUM-159_NLS_2N_O2_A3_seed,8,3,11/27/24,0,402467,2N,starvation,0.5,0.576460809,485069.6623,2,14000000
SUM-159_NLS_2N_O2_A3_seedT1,SUM-159,SUM-159_NLS_2N_O2_A3_seed,SUM-159_NLS_2N_O2_A3_seed,8,3,11/29/24,2,2097175,2N,starvation,0.5,0.576460809,485069.6623,2,14000000
SUM-159_NLS_2N_O2_A4_seedT1,SUM-159,SUM-159_NLS_2N_O2_A4_seed,SUM-159_NLS_2N_O2_A4_seed,9,4,12/6/24,2,2454067,2N,starvation,0.3,0.510656518,637290.9858,2,14000000
SUM-159_NLS_2N_O2_A4_seed,SUM-159,SUM-159_NLS_2N_O2_A3_seedT2,SUM-159_NLS_2N_O2_A4_seed,9,4,12/4/24,0,523768,2N,starvation,0.3,0.510656518,637290.9858,2,14000000
SUM-159_NLS_2N_O2_A4_seedT2,SUM-159,SUM-159_NLS_2N_O2_A4_seed,SUM-159_NLS_2N_O2_A4_seed,9,4,12/9/24,5,7184807,2N,starvation,0.3,0.510656518,637290.9858,2,14000000
SUM-159_NLS_2N_O2_A5_seed,SUM-159,SUM-159_NLS_2N_O2_A4_seedT2,SUM-159_NLS_2N_O2_A5_seed,10,5,12/11/24,0,809842,2N,starvation,0.2,0.51717962,1103766.849,2,14000000
SUM-159_NLS_2N_O2_A5_seedT1,SUM-159,SUM-159_NLS_2N_O2_A5_seed,SUM-159_NLS_2N_O2_A5_seed,10,5,12/13/24,2,5202622,2N,starvation,0.2,0.51717962,1103766.849,2,14000000
SUM-159_NLS_2N_O2_A5_seedT2,SUM-159,SUM-159_NLS_2N_O2_A5_seed,SUM-159_NLS_2N_O2_A5_seed,10,5,12/16/24,5,11919753,2N,starvation,0.2,0.51717962,1103766.849,2,14000000
SUM-159_NLS_2N_O2_A6_seed,SUM-159,SUM-159_NLS_2N_O2_A5_seedT2,SUM-159_NLS_2N_O2_A6_seed,11,6,12/18/24,0,480296,2N,starvation,0.1,0.544215937,578387.2012,2,14000000
SUM-159_NLS_2N_O2_A6_seedT1,SUM-159,SUM-159_NLS_2N_O2_A6_seed,SUM-159_NLS_2N_O2_A6_seed,11,6,12/20/24,2,2341180,2N,starvation,0.1,0.544215937,578387.2012,2,14000000
SUM-159_NLS_2N_O2_A6_seedT2,SUM-159,SUM-159_NLS_2N_O2_A6_seed,SUM-159_NLS_2N_O2_A6_seed,11,6,12/23/24,5,7765369,2N,starvation,0.1,0.544215937,578387.2012,2,14000000
SUM-159_NLS_2N_O2_A7_seed,SUM-159,SUM-159_NLS_2N_O2_A6_seedT2,SUM-159_NLS_2N_O2_A7_seed,12,7,12/25/24,0,420697,2N,starvation,0,0.547099403,585505.7601,2,14000000
SUM-159_NLS_2N_O2_A7_seedT1,SUM-159,SUM-159_NLS_2N_O2_A7_seed,SUM-159_NLS_2N_O2_A7_seed,12,7,12/27/24,2,3033928,2N,starvation,0,0.547099403,585505.7601,2,14000000
SUM-159_NLS_2N_O2_A7_seedT2,SUM-159,SUM-159_NLS_2N_O2_A7_seed,SUM-159_NLS_2N_O2_A7_seed,12,7,12/30/24,5,7241601,2N,starvation,0,0.547099403,585505.7601,2,14000000
SUM-159_NLS_2N_O2_A8_seed,SUM-159,SUM-159_NLS_2N_O2_A7_seedT2,SUM-159_NLS_2N_O2_A8_seed,13,8,5/8/25,0,291683,2N,starvation,0,0.79280565,321297.1849,2,14000000
SUM-159_NLS_2N_O2_A8_seedT1,SUM-159,SUM-159_NLS_2N_O2_A8_seed,SUM-159_NLS_2N_O2_A8_seed,13,8,5/9/25,1,807630,2N,starvation,0,0.79280565,321297.1849,2,14000000
SUM-159_NLS_2N_O2_A8_seedT2,SUM-159,SUM-159_NLS_2N_O2_A8_seed,SUM-159_NLS_2N_O2_A8_seed,13,8,5/12/25,4,7415711,2N,starvation,0,0.79280565,321297.1849,2,14000000
SUM-159_NLS_2N_O2_A9_seedT3,SUM-159,SUM-159_NLS_2N_O2_A9_seed,SUM-159_NLS_2N_O2_A9_seed,14,9,5/21/25,7,5507477,2N,starvation,0,0.39994913,336652.938,2,14000000
SUM-159_NLS_2N_O2_A9_seed,SUM-159,SUM-159_NLS_2N_O2_A8_seedT2,SUM-159_NLS_2N_O2_A9_seed,14,9,5/14/25,0,385434,2N,starvation,0,0.39994913,336652.938,2,14000000
SUM-159_NLS_2N_O2_A9_seedT1,SUM-159,SUM-159_NLS_2N_O2_A9_seed,SUM-159_NLS_2N_O2_A9_seed,14,9,5/16/25,2,595975,2N,starvation,0,0.39994913,336652.938,2,14000000
SUM-159_NLS_2N_O2_A9_seedT2,SUM-159,SUM-159_NLS_2N_O2_A9_seed,SUM-159_NLS_2N_O2_A9_seed,14,9,5/19/25,5,2743713,2N,starvation,0,0.39994913,336652.938,2,14000000
SUM-159_NLS_4N_C_A1_seed,SUM-159,SUM-159_NLS_4N_dp_seedT1,SUM-159_NLS_4N_C_A1_seed,9,1,11/15/24,0,987937,4N,control,20.5,0.624316066,987937,4,9000000
SUM-159_NLS_4N_C_A1_seedT1,SUM-159,SUM-159_NLS_4N_C_A1_seed,SUM-159_NLS_4N_C_A1_seed,9,1,11/18/24,3,6428954,4N,control,20.5,0.624316066,987937,4,9000000
SUM-159_NLS_4N_C_A10_seed,SUM-159,SUM-159_NLS_4N_C_A9_seedT1,SUM-159_NLS_4N_C_A10_seed,18,10,12/20/24,0,728507,4N,control,20.5,0.849459095,728507,4,9000000
SUM-159_NLS_4N_C_A10_seedT1,SUM-159,SUM-159_NLS_4N_C_A10_seed,SUM-159_NLS_4N_C_A10_seed,18,10,12/23/24,3,9314937,4N,control,20.5,0.849459095,728507,4,9000000
SUM-159_NLS_4N_C_A11_seed,SUM-159,SUM-159_NLS_4N_C_A10_seedT1,SUM-159_NLS_4N_C_A11_seed,19,11,12/25/24,0,512549,4N,control,20.5,1.074399936,512549,4,9000000
SUM-159_NLS_4N_C_A11_seedT1,SUM-159,SUM-159_NLS_4N_C_A11_seed,SUM-159_NLS_4N_C_A11_seed,19,11,12/27/24,2,4394883,4N,control,20.5,1.074399936,512549,4,9000000
SUM-159_NLS_4N_C_A12_seed,SUM-159,SUM-159_NLS_4N_C_A11_seedT1,SUM-159_NLS_4N_C_A12_seed,20,12,12/27/24,0,537090,4N,control,20.5,0.925688803,537090,4,9000000
SUM-159_NLS_4N_C_A12_seedT1,SUM-159,SUM-159_NLS_4N_C_A12_seed,SUM-159_NLS_4N_C_A12_seed,20,12,12/30/24,3,8632005,4N,control,20.5,0.925688803,537090,4,9000000
SUM-159_NLS_4N_C_A2_seed,SUM-159,SUM-159_NLS_4N_C_A1_seedT1,SUM-159_NLS_4N_C_A2_seed,10,2,11/20/24,0,575654,4N,control,20.5,1.059498,575654,4,9000000
SUM-159_NLS_4N_C_A2_seedT1,SUM-159,SUM-159_NLS_4N_C_A2_seed,SUM-159_NLS_4N_C_A2_seed,10,2,11/22/24,2,4791040,4N,control,20.5,1.059498,575654,4,9000000
SUM-159_NLS_4N_C_A3_seed,SUM-159,SUM-159_NLS_4N_C_A2_seedT1,SUM-159_NLS_4N_C_A3_seed,11,3,11/26/24,0,427709,4N,control,20.5,1.941920522,427709,4,9000000
SUM-159_NLS_4N_C_A3_seedT1,SUM-159,SUM-159_NLS_4N_C_A3_seed,SUM-159_NLS_4N_C_A3_seed,11,3,11/27/24,1,2982042,4N,control,20.5,1.941920522,427709,4,9000000
SUM-159_NLS_4N_C_A4_seed,SUM-159,SUM-159_NLS_4N_C_A3_seedT1,SUM-159_NLS_4N_C_A4_seed,12,4,11/29/24,0,448744,4N,control,20.5,0.890951311,448744,4,9000000
SUM-159_NLS_4N_C_A4_seedT1,SUM-159,SUM-159_NLS_4N_C_A4_seed,SUM-159_NLS_4N_C_A4_seed,12,4,12/2/24,3,6498369,4N,control,20.5,0.890951311,448744,4,9000000
SUM-159_NLS_4N_C_A5_seed,SUM-159,SUM-159_NLS_4N_C_A4_seedT1,SUM-159_NLS_4N_C_A5_seed,13,5,12/4/24,0,884866,4N,control,20.5,1.166318274,884866,4,9000000
SUM-159_NLS_4N_C_A5_seedT1,SUM-159,SUM-159_NLS_4N_C_A5_seed,SUM-159_NLS_4N_C_A5_seed,13,5,12/6/24,2,9118611,4N,control,20.5,1.166318274,884866,4,9000000
SUM-159_NLS_4N_C_A6_seed,SUM-159,SUM-159_NLS_4N_C_A5_seedT1,SUM-159_NLS_4N_C_A6_seed,14,6,12/6/24,0,411582,4N,control,20.5,0.96190786,411582,4,9000000
SUM-159_NLS_4N_C_A6_seedT1,SUM-159,SUM-159_NLS_4N_C_A6_seed,SUM-159_NLS_4N_C_A6_seed,14,6,12/9/24,3,7374120,4N,control,20.5,0.96190786,411582,4,9000000
SUM-159_NLS_4N_C_A7_seed,SUM-159,SUM-159_NLS_4N_C_A6_seedT1,SUM-159_NLS_4N_C_A7_seed,15,7,12/11/24,0,621931,4N,control,20.5,1.18507418,621931,4,9000000
SUM-159_NLS_4N_C_A7_seedT1,SUM-159,SUM-159_NLS_4N_C_A7_seed,SUM-159_NLS_4N_C_A7_seed,15,7,12/13/24,2,6654027,4N,control,20.5,1.18507418,621931,4,9000000
SUM-159_NLS_4N_C_A8_seed,SUM-159,SUM-159_NLS_4N_C_A7_seedT1,SUM-159_NLS_4N_C_A8_seed,16,8,12/13/24,0,1532740,4N,control,20.5,0.610237788,1532740,4,9000000
SUM-159_NLS_4N_C_A8_seedT1,SUM-159,SUM-159_NLS_4N_C_A8_seed,SUM-159_NLS_4N_C_A8_seed,16,8,12/16/24,3,9561746,4N,control,20.5,0.610237788,1532740,4,9000000
SUM-159_NLS_4N_C_A9_seed,SUM-159,SUM-159_NLS_4N_C_A8_seedT1,SUM-159_NLS_4N_C_A9_seed,17,9,12/18/24,0,955684,4N,control,20.5,1.087108894,955684,4,9000000
SUM-159_NLS_4N_C_A9_seedT1,SUM-159,SUM-159_NLS_4N_C_A9_seed,SUM-159_NLS_4N_C_A9_seed,17,9,12/20/24,2,8405530,4N,control,20.5,1.087108894,955684,4,9000000
SUM-159_NLS_4N_O1_A1_seed,SUM-159,SUM-159_NLS_4N_dp_seedT1,SUM-159_NLS_4N_O1_A1_seed,6,1,11/15/24,0,1496747,4N,starvation,2,0.431681228,1496747,4,9000000
SUM-159_NLS_4N_O1_A1_seedT1,SUM-159,SUM-159_NLS_4N_O1_A1_seed,SUM-159_NLS_4N_O1_A1_seed,6,1,11/18/24,3,5464856,4N,starvation,2,0.431681228,1496747,4,9000000
SUM-159_NLS_4N_O1_A10_seedT1,SUM-159,SUM-159_NLS_4N_O1_A10_seed,SUM-159_NLS_4N_O1_A10_seed,15,10,5/23/25,2,1044906,4N,starvation,0,0.474021739,431214.1958,4,9000000
SUM-159_NLS_4N_O1_A10_seedT2,SUM-159,SUM-159_NLS_4N_O1_A10_seed,SUM-159_NLS_4N_O1_A10_seed,15,10,5/26/25,5,4731039,4N,starvation,0,0.474021739,431214.1958,4,9000000
SUM-159_NLS_4N_O1_A10_seed,SUM-159,SUM-159_NLS_4N_O1_A9_seedT2,SUM-159_NLS_4N_O1_A10_seed,15,10,5/21/25,0,447817,4N,starvation,0,0.474021739,431214.1958,4,9000000
SUM-159_NLS_4N_O1_A11_seed,SUM-159,SUM-159_NLS_4N_O1_A10_seedT2,SUM-159_NLS_4N_O1_A11_seed,16,11,5/30/25,0,451159,4N,starvation,0,0.498582785,463004.6577,4,9000000
SUM-159_NLS_4N_O1_A11_seedT1,SUM-159,SUM-159_NLS_4N_O1_A11_seed,SUM-159_NLS_4N_O1_A11_seed,16,11,6/2/25,3,2204550,4N,starvation,0,0.498582785,463004.6577,4,9000000
SUM-159_NLS_4N_O1_A11_seedT2,SUM-159,SUM-159_NLS_4N_O1_A11_seed,SUM-159_NLS_4N_O1_A11_seed,16,11,6/4/25,5,5387168,4N,starvation,0,0.498582785,463004.6577,4,9000000
SUM-159_NLS_4N_O1_A12_seed,SUM-159,SUM-159_NLS_4N_O1_A11_seedT2,SUM-159_NLS_4N_O1_A12_seed,17,12,6/6/25,0,465640,4N,starvation,0,0.440115624,493107.4573,4,9000000
SUM-159_NLS_4N_O1_A12_seedT1,SUM-159,SUM-159_NLS_4N_O1_A12_seed,SUM-159_NLS_4N_O1_A12_seed,17,12,6/9/25,3,2131028,4N,starvation,0,0.440115624,493107.4573,4,9000000
SUM-159_NLS_4N_O1_A12_seedT2,SUM-159,SUM-159_NLS_4N_O1_A12_seed,SUM-159_NLS_4N_O1_A12_seed,17,12,6/11/25,5,4086049,4N,starvation,0,0.440115624,493107.4573,4,9000000
SUM-159_NLS_4N_O1_A13_seed,SUM-159,SUM-159_NLS_4N_O1_A12_seedT2,SUM-159_NLS_4N_O1_A13_seed,18,13,6/14/25,0,764185,4N,starvation,0,0.371107456,764185,4,9000000
SUM-159_NLS_4N_O1_A13_seedT1,SUM-159,SUM-159_NLS_4N_O1_A13_seed,SUM-159_NLS_4N_O1_A13_seed,18,13,6/16/25,2,1605234,4N,starvation,0,0.371107456,764185,4,9000000
SUM-159_NLS_4N_O1_A14_seed,SUM-159,SUM-159_NLS_4N_O1_A13_seedT1,SUM-159_NLS_4N_O1_A14_seed,19,14,6/20/25,0,444475,4N,starvation,0,0.295310181,616237.5125,4,9000000
SUM-159_NLS_4N_O1_A14_seedT2,SUM-159,SUM-159_NLS_4N_O1_A14_seed,SUM-159_NLS_4N_O1_A14_seed,19,14,6/25/25,5,4345604,4N,starvation,0,0.295310181,616237.5125,4,9000000
SUM-159_NLS_4N_O1_A14_seedT3,SUM-159,SUM-159_NLS_4N_O1_A14_seed,SUM-159_NLS_4N_O1_A14_seed,19,14,6/27/25,7,6537901,4N,starvation,0,0.295310181,616237.5125,4,9000000
SUM-159_NLS_4N_O1_A14_seedT4,SUM-159,SUM-159_NLS_4N_O1_A14_seed,SUM-159_NLS_4N_O1_A14_seed,19,14,6/30/25,10,7571667,4N,starvation,0,0.295310181,616237.5125,4,9000000
SUM-159_NLS_4N_O1_A15_seed,SUM-159,SUM-159_NLS_4N_O1_A14_seedT4,SUM-159_NLS_4N_O1_A15_seed,20,15,7/25/25,0,296317,4N,starvation,0,0.276107884,250154.9139,4,9000000
SUM-159_NLS_4N_O1_A15_seedT1,SUM-159,SUM-159_NLS_4N_O1_A15_seed,SUM-159_NLS_4N_O1_A15_seed,20,15,7/28/25,3,399916,4N,starvation,0,0.276107884,250154.9139,4,9000000
SUM-159_NLS_4N_O1_A15_seedT2,SUM-159,SUM-159_NLS_4N_O1_A15_seed,SUM-159_NLS_4N_O1_A15_seed,20,15,7/30/25,5,1038222,4N,starvation,0,0.276107884,250154.9139,4,9000000
SUM-159_NLS_4N_O1_A15_seedT3,SUM-159,SUM-159_NLS_4N_O1_A15_seed,SUM-159_NLS_4N_O1_A15_seed,20,15,8/1/25,7,1990668,4N,starvation,0,0.276107884,250154.9139,4,9000000
SUM-159_NLS_4N_O1_A15_seedT4,SUM-159,SUM-159_NLS_4N_O1_A15_seed,SUM-159_NLS_4N_O1_A15_seed,20,15,8/4/25,10,4361200,4N,starvation,0,0.276107884,250154.9139,4,9000000
SUM-159_NLS_4N_O1_A15_seedT5,SUM-159,SUM-159_NLS_4N_O1_A15_seed,SUM-159_NLS_4N_O1_A15_seed,20,15,8/6/25,12,6271662,4N,starvation,0,0.276107884,250154.9139,4,9000000
SUM-159_NLS_4N_O1_A16_seedT5,SUM-159,SUM-159_NLS_4N_O1_A16_seed,SUM-159_NLS_4N_O1_A16_seed,21,16,8/20/25,14,8329168,4N,starvation,0,0.225290065,497162.7877,4,9000000
SUM-159_NLS_4N_O1_A16_seedT1,SUM-159,SUM-159_NLS_4N_O1_A16_seed,SUM-159_NLS_4N_O1_A16_seed,21,16,8/11/25,5,1325627,4N,starvation,0,0.225290065,497162.7877,4,9000000
SUM-159_NLS_4N_O1_A16_seedT2,SUM-159,SUM-159_NLS_4N_O1_A16_seed,SUM-159_NLS_4N_O1_A16_seed,21,16,8/13/25,7,4119468,4N,starvation,0,0.225290065,497162.7877,4,9000000
SUM-159_NLS_4N_O1_A16_seedT3,SUM-159,SUM-159_NLS_4N_O1_A16_seed,SUM-159_NLS_4N_O1_A16_seed,21,16,8/15/25,9,4001387,4N,starvation,0,0.225290065,497162.7877,4,9000000
SUM-159_NLS_4N_O1_A16_seedT4,SUM-159,SUM-159_NLS_4N_O1_A16_seed,SUM-159_NLS_4N_O1_A16_seed,21,16,8/18/25,12,8164300,4N,starvation,0,0.225290065,497162.7877,4,9000000
SUM-159_NLS_4N_O1_A16_seed,SUM-159,SUM-159_NLS_4N_O1_A15_seedT5,SUM-159_NLS_4N_O1_A16_seed,21,16,8/6/25,0,403258,4N,starvation,0,0.225290065,497162.7877,4,9000000
SUM-159_NLS_4N_O1_A17_seed,SUM-159,SUM-159_NLS_4N_O1_A16_seedT5,SUM-159_NLS_4N_O1_A17_seed,22,17,8/22/25,0,824339,4N,starvation,0,0.416428546,919977.5215,4,9000000
SUM-159_NLS_4N_O1_A17_seedT1,SUM-159,SUM-159_NLS_4N_O1_A17_seed,SUM-159_NLS_4N_O1_A17_seed,22,17,8/25/25,3,4221954,4N,starvation,0,0.416428546,919977.5215,4,9000000
SUM-159_NLS_4N_O1_A17_seedT2,SUM-159,SUM-159_NLS_4N_O1_A17_seed,SUM-159_NLS_4N_O1_A17_seed,22,17,8/27/25,5,6259408,4N,starvation,0,0.416428546,919977.5215,4,9000000
SUM-159_NLS_4N_O1_A18_seed,SUM-159,SUM-159_NLS_4N_O1_A17_seedT2,SUM-159_NLS_4N_O1_A18_seed,23,18,8/29/25,0,627166,4N,starvation,0,0.368994265,531769.4416,4,9000000
SUM-159_NLS_4N_O1_A18_seedT1,SUM-159,SUM-159_NLS_4N_O1_A18_seed,SUM-159_NLS_4N_O1_A18_seed,23,18,9/1/25,3,1064957,4N,starvation,0,0.368994265,531769.4416,4,9000000
SUM-159_NLS_4N_O1_A18_seedT2,SUM-159,SUM-159_NLS_4N_O1_A18_seed,SUM-159_NLS_4N_O1_A18_seed,23,18,9/3/25,5,4309957,4N,starvation,0,0.368994265,531769.4416,4,9000000
SUM-159_NLS_4N_O1_A19_seedT3,SUM-159,SUM-159_NLS_4N_O1_A19_seed,SUM-159_NLS_4N_O1_A19_seed,24,19,9/12/25,7,5339267,4N,starvation,0,0.315246219,511827.5606,4,9000000
SUM-159_NLS_4N_O1_A19_seed,SUM-159,SUM-159_NLS_4N_O1_A18_seedT2,SUM-159_NLS_4N_O1_A19_seed,24,19,9/5/25,0,601545,4N,starvation,0,0.315246219,511827.5606,4,9000000
SUM-159_NLS_4N_O1_A19_seedT1,SUM-159,SUM-159_NLS_4N_O1_A19_seed,SUM-159_NLS_4N_O1_A19_seed,24,19,9/8/25,3,1010373,4N,starvation,0,0.315246219,511827.5606,4,9000000
SUM-159_NLS_4N_O1_A19_seedT2,SUM-159,SUM-159_NLS_4N_O1_A19_seed,SUM-159_NLS_4N_O1_A19_seed,24,19,9/10/25,5,2392812,4N,starvation,0,0.315246219,511827.5606,4,9000000
SUM-159_NLS_4N_O1_A2_seedT2,SUM-159,SUM-159_NLS_4N_O1_A2_seed,SUM-159_NLS_4N_O1_A2_seed,7,2,11/25/24,5,3281438,4N,starvation,1,0.399917181,398544.6232,4,9000000
SUM-159_NLS_4N_O1_A2_seedT1,SUM-159,SUM-159_NLS_4N_O1_A2_seed,SUM-159_NLS_4N_O1_A2_seed,7,2,11/22/24,2,675920,4N,starvation,1,0.399917181,398544.6232,4,9000000
SUM-159_NLS_4N_O1_A2_seed,SUM-159,SUM-159_NLS_4N_O1_A1_seedT1,SUM-159_NLS_4N_O1_A2_seed,7,2,11/20/24,0,469077,4N,starvation,1,0.399917181,398544.6232,4,9000000
SUM-159_NLS_4N_O1_A20_seed,SUM-159,SUM-159_NLS_4N_O1_A19_seedT3,SUM-159_NLS_4N_O1_A20_seed,25,20,9/19/25,0,812086,4N,starvation,0,0.588293481,812086,4,9000000
SUM-159_NLS_4N_O1_A20_seedT1,SUM-159,SUM-159_NLS_4N_O1_A20_seed,SUM-159_NLS_4N_O1_A20_seed,25,20,9/22/25,3,4743292,4N,starvation,0,0.588293481,812086,4,9000000
SUM-159_NLS_4N_O1_A21_seedT1,SUM-159,SUM-159_NLS_4N_O1_A21_seed,SUM-159_NLS_4N_O1_A21_seed,26,21,9/26/25,2,3356397,4N,starvation,0,0.484315597,801669.1201,4,9000000
SUM-159_NLS_4N_O1_A21_seedT2,SUM-159,SUM-159_NLS_4N_O1_A21_seed,SUM-159_NLS_4N_O1_A21_seed,26,21,9/29/25,5,7502229,4N,starvation,0,0.484315597,801669.1201,4,9000000
SUM-159_NLS_4N_O1_A21_seed,SUM-159,SUM-159_NLS_4N_O1_A20_seedT1,SUM-159_NLS_4N_O1_A21_seed,26,21,9/24/25,0,607115,4N,starvation,0,0.484315597,801669.1201,4,9000000
SUM-159_NLS_4N_O1_A22_seed,SUM-159,SUM-159_NLS_4N_O1_A21_seedT2,SUM-159_NLS_4N_O1_A22_seed,27,22,10/1/25,0,618254,4N,starvation,0,0.471867488,836537.9904,4,9000000
SUM-159_NLS_4N_O1_A22_seedT1,SUM-159,SUM-159_NLS_4N_O1_A22_seed,SUM-159_NLS_4N_O1_A22_seed,27,22,10/3/25,2,3558026,4N,starvation,0,0.471867488,836537.9904,4,9000000
SUM-159_NLS_4N_O1_A22_seedT2,SUM-159,SUM-159_NLS_4N_O1_A22_seed,SUM-159_NLS_4N_O1_A22_seed,27,22,10/6/25,5,7237475,4N,starvation,0,0.471867488,836537.9904,4,9000000
SUM-159_NLS_4N_O1_A3_seedT1,SUM-159,SUM-159_NLS_4N_O1_A3_seed,SUM-159_NLS_4N_O1_A3_seed,8,3,11/29/24,2,3877426,4N,starvation,0.5,0.344146832,1267628.998,4,9000000
SUM-159_NLS_4N_O1_A3_seed,SUM-159,SUM-159_NLS_4N_O1_A2_seedT2,SUM-159_NLS_4N_O1_A3_seed,8,3,11/27/24,0,979523,4N,starvation,0.5,0.344146832,1267628.998,4,9000000
SUM-159_NLS_4N_O1_A3_seedT2,SUM-159,SUM-159_NLS_4N_O1_A3_seed,SUM-159_NLS_4N_O1_A3_seed,8,3,12/2/24,5,5965486,4N,starvation,0.5,0.344146832,1267628.998,4,9000000
SUM-159_NLS_4N_O1_A4_seed,SUM-159,SUM-159_NLS_4N_O1_A3_seedT2,SUM-159_NLS_4N_O1_A4_seed,9,4,12/4/24,0,477491,4N,starvation,0.3,0.462592399,574357.0073,4,9000000
SUM-159_NLS_4N_O1_A4_seedT2,SUM-159,SUM-159_NLS_4N_O1_A4_seed,SUM-159_NLS_4N_O1_A4_seed,9,4,12/9/24,5,5131103,4N,starvation,0.3,0.462592399,574357.0073,4,9000000
SUM-159_NLS_4N_O1_A4_seedT1,SUM-159,SUM-159_NLS_4N_O1_A4_seed,SUM-159_NLS_4N_O1_A4_seed,9,4,12/6/24,2,1970966,4N,starvation,0.3,0.462592399,574357.0073,4,9000000
SUM-159_NLS_4N_O1_A5_seed,SUM-159,SUM-159_NLS_4N_O1_A4_seedT2,SUM-159_NLS_4N_O1_A5_seed,10,5,12/11/24,0,487308,4N,starvation,0.2,0.493160438,634994.9687,4,9000000
SUM-159_NLS_4N_O1_A5_seedT1,SUM-159,SUM-159_NLS_4N_O1_A5_seed,SUM-159_NLS_4N_O1_A5_seed,10,5,12/13/24,2,2646886,4N,starvation,0.2,0.493160438,634994.9687,4,9000000
SUM-159_NLS_4N_O1_A5_seedT2,SUM-159,SUM-159_NLS_4N_O1_A5_seed,SUM-159_NLS_4N_O1_A5_seed,10,5,12/16/24,5,6266284,4N,starvation,0.2,0.493160438,634994.9687,4,9000000
SUM-159_NLS_4N_O1_A6_seedT1,SUM-159,SUM-159_NLS_4N_O1_A6_seed,SUM-159_NLS_4N_O1_A6_seed,11,6,12/20/24,2,2656703,4N,starvation,0.1,0.400784405,813714.6032,4,9000000
SUM-159_NLS_4N_O1_A6_seedT2,SUM-159,SUM-159_NLS_4N_O1_A6_seed,SUM-159_NLS_4N_O1_A6_seed,11,6,12/23/24,5,5181587,4N,starvation,0.1,0.400784405,813714.6032,4,9000000
SUM-159_NLS_4N_O1_A6_seed,SUM-159,SUM-159_NLS_4N_O1_A5_seedT2,SUM-159_NLS_4N_O1_A6_seed,11,6,12/18/24,0,647172,4N,starvation,0.1,0.400784405,813714.6032,4,9000000
SUM-159_NLS_4N_O1_A7_seed,SUM-159,SUM-159_NLS_4N_O1_A6_seedT2,SUM-159_NLS_4N_O1_A7_seed,12,7,12/25/24,0,267844,4N,starvation,0,0.571921242,352657.6558,4,9000000
SUM-159_NLS_4N_O1_A7_seedT2,SUM-159,SUM-159_NLS_4N_O1_A7_seed,SUM-159_NLS_4N_O1_A7_seed,12,7,12/30/24,5,5124092,4N,starvation,0,0.571921242,352657.6558,4,9000000
SUM-159_NLS_4N_O1_A7_seedT1,SUM-159,SUM-159_NLS_4N_O1_A7_seed,SUM-159_NLS_4N_O1_A7_seed,12,7,12/27/24,2,1750801,4N,starvation,0,0.571921242,352657.6558,4,9000000
SUM-159_NLS_4N_O1_A8_seedT2,SUM-159,SUM-159_NLS_4N_O1_A8_seed,SUM-159_NLS_4N_O1_A8_seed,13,8,5/12/25,4,5832757,4N,starvation,0,0.67180202,417956.9943,4,9000000
SUM-159_NLS_4N_O1_A8_seed,SUM-159,SUM-159_NLS_4N_O1_A7_seedT2,SUM-159_NLS_4N_O1_A8_seed,13,8,5/8/25,0,358294,4N,starvation,0,0.67180202,417956.9943,4,9000000
SUM-159_NLS_4N_O1_A8_seedT1,SUM-159,SUM-159_NLS_4N_O1_A8_seed,SUM-159_NLS_4N_O1_A8_seed,13,8,5/9/25,1,1004803,4N,starvation,0,0.67180202,417956.9943,4,9000000
SUM-159_NLS_4N_O1_A9_seedT1,SUM-159,SUM-159_NLS_4N_O1_A9_seed,SUM-159_NLS_4N_O1_A9_seed,14,9,5/16/25,2,1457075,4N,starvation,0,0.439890819,547404.8244,4,9000000
SUM-159_NLS_4N_O1_A9_seedT2,SUM-159,SUM-159_NLS_4N_O1_A9_seed,SUM-159_NLS_4N_O1_A9_seed,14,9,5/19/25,5,4745520,4N,starvation,0,0.439890819,547404.8244,4,9000000
SUM-159_NLS_4N_O1_A9_seed,SUM-159,SUM-159_NLS_4N_O1_A8_seedT2,SUM-159_NLS_4N_O1_A9_seed,14,9,5/14/25,0,515769,4N,starvation,0,0.439890819,547404.8244,4,9000000
SUM-159_NLS_4N_O2_A1_seedT1,SUM-159,SUM-159_NLS_4N_O2_A1_seed,SUM-159_NLS_4N_O2_A1_seed,9,1,11/18/24,3,4830305,4N,starvation,2,0.463828444,1201324,4,9000000
SUM-159_NLS_4N_O2_A1_seed,SUM-159,SUM-159_NLS_4N_dp_seedT1,SUM-159_NLS_4N_O2_A1_seed,9,1,11/15/24,0,1201324,4N,starvation,2,0.463828444,1201324,4,9000000
SUM-159_NLS_4N_O2_A10_seed,SUM-159,SUM-159_NLS_4N_O2_A9_seedT2,SUM-159_NLS_4N_O2_A10_seed,18,10,5/21/25,0,507971,4N,starvation,0,0.463511346,504429.2904,4,9000000
SUM-159_NLS_4N_O2_A10_seedT1,SUM-159,SUM-159_NLS_4N_O2_A10_seed,SUM-159_NLS_4N_O2_A10_seed,18,10,5/23/25,2,1259902,4N,starvation,0,0.463511346,504429.2904,4,9000000
SUM-159_NLS_4N_O2_A10_seedT2,SUM-159,SUM-159_NLS_4N_O2_A10_seed,SUM-159_NLS_4N_O2_A10_seed,18,10,5/26/25,5,5144322,4N,starvation,0,0.463511346,504429.2904,4,9000000
SUM-159_NLS_4N_O2_A11_seedT2,SUM-159,SUM-159_NLS_4N_O2_A11_seed,SUM-159_NLS_4N_O2_A11_seed,19,11,6/4/25,5,5122043,4N,starvation,0,0.525990412,485069.6716,4,9000000
SUM-159_NLS_4N_O2_A11_seed,SUM-159,SUM-159_NLS_4N_O2_A10_seedT2,SUM-159_NLS_4N_O2_A11_seed,19,11,5/30/25,0,404372,4N,starvation,0,0.525990412,485069.6716,4,9000000
SUM-159_NLS_4N_O2_A11_seedT1,SUM-159,SUM-159_NLS_4N_O2_A11_seed,SUM-159_NLS_4N_O2_A11_seed,19,11,6/2/25,3,3703957,4N,starvation,0,0.525990412,485069.6716,4,9000000
SUM-159_NLS_4N_O2_A12_seed,SUM-159,SUM-159_NLS_4N_O2_A11_seedT2,SUM-159_NLS_4N_O2_A12_seed,20,12,6/6/25,0,570354,4N,starvation,0,0.433757117,606022.3599,4,9000000
SUM-159_NLS_4N_O2_A12_seedT1,SUM-159,SUM-159_NLS_4N_O2_A12_seed,SUM-159_NLS_4N_O2_A12_seed,20,12,6/9/25,3,2591099,4N,starvation,0,0.433757117,606022.3599,4,9000000
SUM-159_NLS_4N_O2_A12_seedT2,SUM-159,SUM-159_NLS_4N_O2_A12_seed,SUM-159_NLS_4N_O2_A12_seed,20,12,6/11/25,5,4840208,4N,starvation,0,0.433757117,606022.3599,4,9000000
SUM-159_NLS_4N_O2_A13_seed,SUM-159,SUM-159_NLS_4N_O2_A12_seedT2,SUM-159_NLS_4N_O2_A13_seed,21,13,6/14/25,0,623824,4N,starvation,0,0.505475958,623824,4,9000000
SUM-159_NLS_4N_O2_A13_seedT1,SUM-159,SUM-159_NLS_4N_O2_A13_seed,SUM-159_NLS_4N_O2_A13_seed,21,13,6/16/25,2,1714403,4N,starvation,0,0.505475958,623824,4,9000000
SUM-159_NLS_4N_O2_A14_seed,SUM-159,SUM-159_NLS_4N_O2_A13_seedT1,SUM-159_NLS_4N_O2_A14_seed,22,14,6/20/25,0,465640,4N,starvation,0,0.272623788,551561.244,4,9000000
SUM-159_NLS_4N_O2_A14_seedT2,SUM-159,SUM-159_NLS_4N_O2_A14_seed,SUM-159_NLS_4N_O2_A14_seed,22,14,6/25/25,5,2611150,4N,starvation,0,0.272623788,551561.244,4,9000000
SUM-159_NLS_4N_O2_A14_seedT3,SUM-159,SUM-159_NLS_4N_O2_A14_seed,SUM-159_NLS_4N_O2_A14_seed,22,14,6/27/25,7,4751090,4N,starvation,0,0.272623788,551561.244,4,9000000
SUM-159_NLS_4N_O2_A14_seedT4,SUM-159,SUM-159_NLS_4N_O2_A14_seed,SUM-159_NLS_4N_O2_A14_seed,22,14,6/30/25,10,6448783,4N,starvation,0,0.272623788,551561.244,4,9000000
SUM-159_NLS_4N_O2_A15_seed,SUM-159,SUM-159_NLS_4N_O2_A14_seedT4,SUM-159_NLS_4N_O2_A15_seed,23,15,7/25/25,0,613799,4N,starvation,0,0.237448884,965566.669,4,9000000
SUM-159_NLS_4N_O2_A15_seedT1,SUM-159,SUM-159_NLS_4N_O2_A15_seed,SUM-159_NLS_4N_O2_A15_seed,23,15,7/28/25,3,2545426,4N,starvation,0,0.237448884,965566.669,4,9000000
SUM-159_NLS_4N_O2_A15_seedT2,SUM-159,SUM-159_NLS_4N_O2_A15_seed,SUM-159_NLS_4N_O2_A15_seed,23,15,7/30/25,5,4532752,4N,starvation,0,0.237448884,965566.669,4,9000000
SUM-159_NLS_4N_O2_A15_seedT3,SUM-159,SUM-159_NLS_4N_O2_A15_seed,SUM-159_NLS_4N_O2_A15_seed,23,15,8/1/25,7,6952299,4N,starvation,0,0.237448884,965566.669,4,9000000
SUM-159_NLS_4N_O2_A15_seedT4,SUM-159,SUM-159_NLS_4N_O2_A15_seed,SUM-159_NLS_4N_O2_A15_seed,23,15,8/4/25,10,6452125,4N,starvation,0,0.237448884,965566.669,4,9000000
SUM-159_NLS_4N_O2_A16_seed,SUM-159,SUM-159_NLS_4N_O2_A15_seedT4,SUM-159_NLS_4N_O2_A16_seed,24,16,8/6/25,0,341989,4N,starvation,0,0.230244947,294418.1426,4,9000000
SUM-159_NLS_4N_O2_A16_seedT1,SUM-159,SUM-159_NLS_4N_O2_A16_seed,SUM-159_NLS_4N_O2_A16_seed,24,16,8/8/25,2,365383,4N,starvation,0,0.230244947,294418.1426,4,9000000
SUM-159_NLS_4N_O2_A16_seedT2,SUM-159,SUM-159_NLS_4N_O2_A16_seed,SUM-159_NLS_4N_O2_A16_seed,24,16,8/11/25,5,857758,4N,starvation,0,0.230244947,294418.1426,4,9000000
SUM-159_NLS_4N_O2_A16_seedT3,SUM-159,SUM-159_NLS_4N_O2_A16_seed,SUM-159_NLS_4N_O2_A16_seed,24,16,8/13/25,7,2319290,4N,starvation,0,0.230244947,294418.1426,4,9000000
SUM-159_NLS_4N_O2_A16_seedT4,SUM-159,SUM-159_NLS_4N_O2_A16_seed,SUM-159_NLS_4N_O2_A16_seed,24,16,8/15/25,9,1640881,4N,starvation,0,0.230244947,294418.1426,4,9000000
SUM-159_NLS_4N_O2_A16_seedT5,SUM-159,SUM-159_NLS_4N_O2_A16_seed,SUM-159_NLS_4N_O2_A16_seed,24,16,8/18/25,12,5104219,4N,starvation,0,0.230244947,294418.1426,4,9000000
SUM-159_NLS_4N_O2_A16_seedT6,SUM-159,SUM-159_NLS_4N_O2_A16_seed,SUM-159_NLS_4N_O2_A16_seed,24,16,8/20/25,14,7310998,4N,starvation,0,0.230244947,294418.1426,4,9000000
SUM-159_NLS_4N_O2_A17_seed,SUM-159,SUM-159_NLS_4N_O2_A16_seedT6,SUM-159_NLS_4N_O2_A17_seed,25,17,8/22/25,0,841049,4N,starvation,0,0.40495192,945316.9545,4,9000000
SUM-159_NLS_4N_O2_A17_seedT1,SUM-159,SUM-159_NLS_4N_O2_A17_seed,SUM-159_NLS_4N_O2_A17_seed,25,17,8/25/25,3,4266512,4N,starvation,0,0.40495192,945316.9545,4,9000000
SUM-159_NLS_4N_O2_A17_seedT2,SUM-159,SUM-159_NLS_4N_O2_A17_seed,SUM-159_NLS_4N_O2_A17_seed,25,17,8/27/25,5,6008764,4N,starvation,0,0.40495192,945316.9545,4,9000000
SUM-159_NLS_4N_O2_A18_seed,SUM-159,SUM-159_NLS_4N_O2_A17_seedT2,SUM-159_NLS_4N_O2_A18_seed,26,18,8/29/25,0,584835,4N,starvation,0,0.374051599,490626.562,4,9000000
SUM-159_NLS_4N_O2_A18_seedT1,SUM-159,SUM-159_NLS_4N_O2_A18_seed,SUM-159_NLS_4N_O2_A18_seed,26,18,9/1/25,3,971384,4N,starvation,0,0.374051599,490626.562,4,9000000
SUM-159_NLS_4N_O2_A18_seedT2,SUM-159,SUM-159_NLS_4N_O2_A18_seed,SUM-159_NLS_4N_O2_A18_seed,26,18,9/3/25,5,4143976,4N,starvation,0,0.374051599,490626.562,4,9000000
SUM-159_NLS_4N_O2_A19_seedT2,SUM-159,SUM-159_NLS_4N_O2_A19_seed,SUM-159_NLS_4N_O2_A19_seed,27,19,9/10/25,5,3730692,4N,starvation,0,0.352988536,630902.2333,4,9000000
SUM-159_NLS_4N_O2_A19_seed,SUM-159,SUM-159_NLS_4N_O2_A18_seedT2,SUM-159_NLS_4N_O2_A19_seed,27,19,9/5/25,0,636078,4N,starvation,0,0.352988536,630902.2333,4,9000000
SUM-159_NLS_4N_O2_A19_seedT1,SUM-159,SUM-159_NLS_4N_O2_A19_seed,SUM-159_NLS_4N_O2_A19_seed,27,19,9/8/25,3,1782355,4N,starvation,0,0.352988536,630902.2333,4,9000000
SUM-159_NLS_4N_O2_A2_seed,SUM-159,SUM-159_NLS_4N_O2_A1_seedT1,SUM-159_NLS_4N_O2_A2_seed,10,2,11/20/24,0,462066,4N,starvation,1,0.423293979,402293.395,4,9000000
SUM-159_NLS_4N_O2_A2_seedT1,SUM-159,SUM-159_NLS_4N_O2_A2_seed,SUM-159_NLS_4N_O2_A2_seed,10,2,11/22/24,2,744634,4N,starvation,1,0.423293979,402293.395,4,9000000
SUM-159_NLS_4N_O2_A2_seedT2,SUM-159,SUM-159_NLS_4N_O2_A2_seed,SUM-159_NLS_4N_O2_A2_seed,10,2,11/25/24,5,3662870,4N,starvation,1,0.423293979,402293.395,4,9000000
SUM-159_NLS_4N_O2_A20_seed,SUM-159,SUM-159_NLS_4N_O2_A19_seedT2,SUM-159_NLS_4N_O2_A20_seed,28,20,9/19/25,0,981409,4N,starvation,0,0.517244019,981409,4,9000000
SUM-159_NLS_4N_O2_A20_seedT1,SUM-159,SUM-159_NLS_4N_O2_A20_seed,SUM-159_NLS_4N_O2_A20_seed,28,20,9/22/25,3,4631895,4N,starvation,0,0.517244019,981409,4,9000000
SUM-159_NLS_4N_O2_A21_seed,SUM-159,SUM-159_NLS_4N_O2_A20_seedT1,SUM-159_NLS_4N_O2_A21_seed,29,21,9/24/25,0,678409,4N,starvation,0,0.463676865,857695.8355,4,9000000
SUM-159_NLS_4N_O2_A21_seedT1,SUM-159,SUM-159_NLS_4N_O2_A21_seed,SUM-159_NLS_4N_O2_A21_seed,29,21,9/26/25,2,3204897,4N,starvation,0,0.463676865,857695.8355,4,9000000
SUM-159_NLS_4N_O2_A21_seedT2,SUM-159,SUM-159_NLS_4N_O2_A21_seed,SUM-159_NLS_4N_O2_A21_seed,29,21,9/29/25,5,7452472,4N,starvation,0,0.463676865,857695.8355,4,9000000
SUM-159_NLS_4N_O2_A22_seed,SUM-159,SUM-159_NLS_4N_O2_A21_seedT2,SUM-159_NLS_4N_O2_A22_seed,30,22,10/1/25,0,559214,4N,starvation,0,0.485008192,747772.2577,4,9000000
SUM-159_NLS_4N_O2_A22_seedT1,SUM-159,SUM-159_NLS_4N_O2_A22_seed,SUM-159_NLS_4N_O2_A22_seed,30,22,10/3/25,2,3201555,4N,starvation,0,0.485008192,747772.2577,4,9000000
SUM-159_NLS_4N_O2_A22_seedT2,SUM-159,SUM-159_NLS_4N_O2_A22_seed,SUM-159_NLS_4N_O2_A22_seed,30,22,10/6/25,5,6963438,4N,starvation,0,0.485008192,747772.2577,4,9000000
SUM-159_NLS_4N_O2_A3_seedT2,SUM-159,SUM-159_NLS_4N_O2_A3_seed,SUM-159_NLS_4N_O2_A3_seed,11,3,12/2/24,5,5321118,4N,starvation,0.5,0.317783676,1307756.406,4,9000000
SUM-159_NLS_4N_O2_A3_seed,SUM-159,SUM-159_NLS_4N_O2_A2_seedT2,SUM-159_NLS_4N_O2_A3_seed,11,3,11/27/24,0,990041,4N,starvation,0.5,0.317783676,1307756.406,4,9000000
SUM-159_NLS_4N_O2_A3_seedT1,SUM-159,SUM-159_NLS_4N_O2_A3_seed,SUM-159_NLS_4N_O2_A3_seed,11,3,11/29/24,2,3926507,4N,starvation,0.5,0.317783676,1307756.406,4,9000000
SUM-159_NLS_4N_O2_A4_seedT2,SUM-159,SUM-159_NLS_4N_O2_A4_seed,SUM-159_NLS_4N_O2_A4_seed,12,4,12/9/24,5,5808426,4N,starvation,0.3,0.456626491,634604.4783,4,9000000
SUM-159_NLS_4N_O2_A4_seed,SUM-159,SUM-159_NLS_4N_O2_A3_seedT2,SUM-159_NLS_4N_O2_A4_seed,12,4,12/4/24,0,572148,4N,starvation,0.3,0.456626491,634604.4783,4,9000000
SUM-159_NLS_4N_O2_A4_seedT1,SUM-159,SUM-159_NLS_4N_O2_A4_seed,SUM-159_NLS_4N_O2_A4_seed,12,4,12/6/24,2,1879815,4N,starvation,0.3,0.456626491,634604.4783,4,9000000
SUM-159_NLS_4N_O2_A5_seed,SUM-159,SUM-159_NLS_4N_O2_A4_seedT2,SUM-159_NLS_4N_O2_A5_seed,13,5,12/11/24,0,584068,4N,starvation,0.2,0.479793771,776671.7772,4,9000000
SUM-159_NLS_4N_O2_A5_seedT2,SUM-159,SUM-159_NLS_4N_O2_A5_seed,SUM-159_NLS_4N_O2_A5_seed,13,5,12/16/24,5,7072621,4N,starvation,0.2,0.479793771,776671.7772,4,9000000
SUM-159_NLS_4N_O2_A5_seedT1,SUM-159,SUM-159_NLS_4N_O2_A5_seed,SUM-159_NLS_4N_O2_A5_seed,13,5,12/13/24,2,3260403,4N,starvation,0.2,0.479793771,776671.7772,4,9000000
SUM-159_NLS_4N_O2_A6_seedT1,SUM-159,SUM-159_NLS_4N_O2_A6_seed,SUM-159_NLS_4N_O2_A6_seed,14,6,12/20/24,2,2095773,4N,starvation,0.1,0.484268661,617787.7305,4,9000000
SUM-159_NLS_4N_O2_A6_seedT2,SUM-159,SUM-159_NLS_4N_O2_A6_seed,SUM-159_NLS_4N_O2_A6_seed,14,6,12/23/24,5,6287319,4N,starvation,0.1,0.484268661,617787.7305,4,9000000
SUM-159_NLS_4N_O2_A6_seed,SUM-159,SUM-159_NLS_4N_O2_A5_seedT2,SUM-159_NLS_4N_O2_A6_seed,14,6,12/18/24,0,530780,4N,starvation,0.1,0.484268661,617787.7305,4,9000000
SUM-159_NLS_4N_O2_A7_seed,SUM-159,SUM-159_NLS_4N_O2_A6_seedT2,SUM-159_NLS_4N_O2_A7_seed,15,7,12/25/24,0,423502,4N,starvation,0,0.486227151,556012.1949,4,9000000
SUM-159_NLS_4N_O2_A7_seedT1,SUM-159,SUM-159_NLS_4N_O2_A7_seed,SUM-159_NLS_4N_O2_A7_seed,15,7,12/27/24,2,2314536,4N,starvation,0,0.486227151,556012.1949,4,9000000
SUM-159_NLS_4N_O2_A7_seedT2,SUM-159,SUM-159_NLS_4N_O2_A7_seed,SUM-159_NLS_4N_O2_A7_seed,15,7,12/30/24,5,5273439,4N,starvation,0,0.486227151,556012.1949,4,9000000
SUM-159_NLS_4N_O2_A8_seedT1,SUM-159,SUM-159_NLS_4N_O2_A8_seed,SUM-159_NLS_4N_O2_A8_seed,16,8,5/9/25,1,1254332,4N,starvation,0,0.700929183,395781.1067,4,9000000
SUM-159_NLS_4N_O2_A8_seedT2,SUM-159,SUM-159_NLS_4N_O2_A8_seed,SUM-159_NLS_4N_O2_A8_seed,16,8,5/12/25,4,5833871,4N,starvation,0,0.700929183,395781.1067,4,9000000
SUM-159_NLS_4N_O2_A8_seed,SUM-159,SUM-159_NLS_4N_O2_A7_seedT2,SUM-159_NLS_4N_O2_A8_seed,16,8,5/8/25,0,281867,4N,starvation,0,0.700929183,395781.1067,4,9000000
SUM-159_NLS_4N_O2_A9_seed,SUM-159,SUM-159_NLS_4N_O2_A8_seedT2,SUM-159_NLS_4N_O2_A9_seed,17,9,5/14/25,0,565898,4N,starvation,0,0.421831162,592010.0916,4,9000000
SUM-159_NLS_4N_O2_A9_seedT1,SUM-159,SUM-159_NLS_4N_O2_A9_seed,SUM-159_NLS_4N_O2_A9_seed,17,9,5/16/25,2,1483811,4N,starvation,0,0.421831162,592010.0916,4,9000000
SUM-159_NLS_4N_O2_A9_seedT2,SUM-159,SUM-159_NLS_4N_O2_A9_seed,SUM-159_NLS_4N_O2_A9_seed,17,9,5/19/25,5,4734381,4N,starvation,0,0.421831162,592010.0916,4,9000000